archive,date,count
arXiv q-bio,2007-01-01,40
arXiv q-bio,2007-02-01,44
arXiv q-bio,2007-03-01,55
arXiv q-bio,2007-04-01,41
arXiv q-bio,2007-05-01,59
arXiv q-bio,2007-06-01,68
arXiv q-bio,2007-07-01,65
arXiv q-bio,2007-08-01,72
arXiv q-bio,2007-09-01,62
arXiv q-bio,2007-10-01,65
arXiv q-bio,2007-11-01,73
arXiv q-bio,2007-12-01,67
arXiv q-bio,2008-01-01,69
arXiv q-bio,2008-02-01,66
arXiv q-bio,2008-03-01,56
arXiv q-bio,2008-04-01,56
arXiv q-bio,2008-05-01,49
arXiv q-bio,2008-06-01,76
arXiv q-bio,2008-07-01,91
arXiv q-bio,2008-08-01,60
arXiv q-bio,2008-09-01,65
arXiv q-bio,2008-10-01,77
arXiv q-bio,2008-11-01,85
arXiv q-bio,2008-12-01,81
arXiv q-bio,2009-01-01,92
arXiv q-bio,2009-02-01,74
arXiv q-bio,2009-03-01,73
arXiv q-bio,2009-04-01,89
arXiv q-bio,2009-05-01,85
arXiv q-bio,2009-06-01,83
arXiv q-bio,2009-07-01,80
arXiv q-bio,2009-08-01,71
arXiv q-bio,2009-09-01,75
arXiv q-bio,2009-10-01,86
arXiv q-bio,2009-11-01,80
arXiv q-bio,2009-12-01,93
arXiv q-bio,2010-01-01,78
arXiv q-bio,2010-02-01,89
arXiv q-bio,2010-03-01,112
arXiv q-bio,2010-04-01,90
arXiv q-bio,2010-05-01,89
arXiv q-bio,2010-06-01,99
arXiv q-bio,2010-07-01,103
arXiv q-bio,2010-08-01,90
arXiv q-bio,2010-09-01,79
arXiv q-bio,2010-10-01,101
arXiv q-bio,2010-11-01,96
arXiv q-bio,2010-12-01,120
arXiv q-bio,2011-01-01,106
arXiv q-bio,2011-02-01,105
arXiv q-bio,2011-03-01,97
arXiv q-bio,2011-04-01,106
arXiv q-bio,2011-05-01,110
arXiv q-bio,2011-06-01,98
arXiv q-bio,2011-07-01,101
arXiv q-bio,2011-08-01,107
arXiv q-bio,2011-09-01,123
arXiv q-bio,2011-10-01,118
arXiv q-bio,2011-11-01,123
arXiv q-bio,2011-12-01,139
arXiv q-bio,2012-01-01,118
arXiv q-bio,2012-02-01,123
arXiv q-bio,2012-03-01,122
arXiv q-bio,2012-04-01,127
arXiv q-bio,2012-05-01,135
arXiv q-bio,2012-06-01,148
arXiv q-bio,2012-07-01,155
arXiv q-bio,2012-08-01,143
arXiv q-bio,2012-09-01,172
arXiv q-bio,2012-10-01,198
arXiv q-bio,2012-11-01,151
arXiv q-bio,2012-12-01,171
arXiv q-bio,2013-01-01,178
arXiv q-bio,2013-02-01,161
arXiv q-bio,2013-03-01,160
arXiv q-bio,2013-04-01,203
PeerJ Preprints,2013-04-01,9
arXiv q-bio,2013-05-01,200
PeerJ Preprints,2013-05-01,11
arXiv q-bio,2013-06-01,177
PeerJ Preprints,2013-06-01,8
arXiv q-bio,2013-07-01,237
PeerJ Preprints,2013-07-01,9
arXiv q-bio,2013-08-01,197
PeerJ Preprints,2013-08-01,7
arXiv q-bio,2013-09-01,234
PeerJ Preprints,2013-09-01,16
arXiv q-bio,2013-10-01,214
PeerJ Preprints,2013-10-01,14
arXiv q-bio,2013-11-01,168
PeerJ Preprints,2013-11-01,35
bioRxiv,2013-11-01,39
arXiv q-bio,2013-12-01,199
PeerJ Preprints,2013-12-01,48
bioRxiv,2013-12-01,38
arXiv q-bio,2014-01-01,136
PeerJ Preprints,2014-01-01,40
bioRxiv,2014-01-01,44
arXiv q-bio,2014-02-01,171
PeerJ Preprints,2014-02-01,26
bioRxiv,2014-02-01,51
arXiv q-bio,2014-03-01,196
PeerJ Preprints,2014-03-01,82
bioRxiv,2014-03-01,44
arXiv q-bio,2014-04-01,193
PeerJ Preprints,2014-04-01,35
bioRxiv,2014-04-01,55
arXiv q-bio,2014-05-01,166
PeerJ Preprints,2014-05-01,26
bioRxiv,2014-05-01,62
arXiv q-bio,2014-06-01,180
PeerJ Preprints,2014-06-01,27
bioRxiv,2014-06-01,75
arXiv q-bio,2014-07-01,227
PeerJ Preprints,2014-07-01,26
bioRxiv,2014-07-01,60
arXiv q-bio,2014-08-01,161
PeerJ Preprints,2014-08-01,36
bioRxiv,2014-08-01,82
arXiv q-bio,2014-09-01,194
PeerJ Preprints,2014-09-01,35
bioRxiv,2014-09-01,82
arXiv q-bio,2014-10-01,192
PeerJ Preprints,2014-10-01,53
bioRxiv,2014-10-01,84
arXiv q-bio,2014-11-01,194
PeerJ Preprints,2014-11-01,64
bioRxiv,2014-11-01,76
arXiv q-bio,2014-12-01,197
PeerJ Preprints,2014-12-01,113
bioRxiv,2014-12-01,91
arXiv q-bio,2015-01-01,187
PeerJ Preprints,2015-01-01,42
bioRxiv,2015-01-01,101
arXiv q-bio,2015-02-01,168
PeerJ Preprints,2015-02-01,49
bioRxiv,2015-02-01,86
arXiv q-bio,2015-03-01,197
PeerJ Preprints,2015-03-01,76
bioRxiv,2015-03-01,114
arXiv q-bio,2015-04-01,173
PeerJ Preprints,2015-04-01,72
bioRxiv,2015-04-01,119
arXiv q-bio,2015-05-01,216
PeerJ Preprints,2015-05-01,121
bioRxiv,2015-05-01,102
arXiv q-bio,2015-06-01,179
PeerJ Preprints,2015-06-01,57
bioRxiv,2015-06-01,123
arXiv q-bio,2015-07-01,180
PeerJ Preprints,2015-07-01,81
bioRxiv,2015-07-01,147
arXiv q-bio,2015-08-01,175
PeerJ Preprints,2015-08-01,58
bioRxiv,2015-08-01,144
arXiv q-bio,2015-09-01,185
PeerJ Preprints,2015-09-01,85
bioRxiv,2015-09-01,153
arXiv q-bio,2015-10-01,201
PeerJ Preprints,2015-10-01,57
bioRxiv,2015-10-01,202
arXiv q-bio,2015-11-01,198
PeerJ Preprints,2015-11-01,82
bioRxiv,2015-11-01,221
arXiv q-bio,2015-12-01,230
PeerJ Preprints,2015-12-01,74
bioRxiv,2015-12-01,194
arXiv q-bio,2016-01-01,177
PeerJ Preprints,2016-01-01,76
bioRxiv,2016-01-01,222
arXiv q-bio,2016-02-01,195
PeerJ Preprints,2016-02-01,117
bioRxiv,2016-02-01,304
arXiv q-bio,2016-03-01,181
PeerJ Preprints,2016-03-01,128
bioRxiv,2016-03-01,443
arXiv q-bio,2016-04-01,193
PeerJ Preprints,2016-04-01,99
bioRxiv,2016-04-01,398
arXiv q-bio,2016-05-01,215
PeerJ Preprints,2016-05-01,78
bioRxiv,2016-05-01,387
arXiv q-bio,2016-06-01,200
PeerJ Preprints,2016-06-01,102
bioRxiv,2016-06-01,401
arXiv q-bio,2016-07-01,173
PeerJ Preprints,2016-07-01,133
bioRxiv,2016-07-01,387
arXiv q-bio,2016-08-01,184
PeerJ Preprints,2016-08-01,78
bioRxiv,2016-08-01,448
arXiv q-bio,2016-09-01,227
PeerJ Preprints,2016-09-01,89
bioRxiv,2016-09-01,437
arXiv q-bio,2016-10-01,246
PeerJ Preprints,2016-10-01,71
bioRxiv,2016-10-01,457
arXiv q-bio,2016-11-01,230
PeerJ Preprints,2016-11-01,49
bioRxiv,2016-11-01,463
arXiv q-bio,2016-12-01,194
PeerJ Preprints,2016-12-01,63
bioRxiv,2016-12-01,557
arXiv q-bio,2017-01-01,202
PeerJ Preprints,2017-01-01,94
bioRxiv,2017-01-01,587
arXiv q-bio,2017-02-01,172
PeerJ Preprints,2017-02-01,64
bioRxiv,2017-02-01,622
arXiv q-bio,2017-03-01,235
PeerJ Preprints,2017-03-01,64
bioRxiv,2017-03-01,814
arXiv q-bio,2017-04-01,184
PeerJ Preprints,2017-04-01,57
bioRxiv,2017-04-01,741
arXiv q-bio,2017-05-01,221
PeerJ Preprints,2017-05-01,40
bioRxiv,2017-05-01,958
arXiv q-bio,2017-06-01,200
PeerJ Preprints,2017-06-01,64
bioRxiv,2017-06-01,1096
arXiv q-bio,2017-07-01,196
PeerJ Preprints,2017-07-01,55
bioRxiv,2017-07-01,978
arXiv q-bio,2017-08-01,191
PeerJ Preprints,2017-08-01,97
bioRxiv,2017-08-01,989
arXiv q-bio,2017-09-01,190
PeerJ Preprints,2017-09-01,92
bioRxiv,2017-09-01,1062
arXiv q-bio,2017-10-01,258
PeerJ Preprints,2017-10-01,77
bioRxiv,2017-10-01,1209
arXiv q-bio,2017-11-01,202
PeerJ Preprints,2017-11-01,58
bioRxiv,2017-11-01,1190
arXiv q-bio,2017-12-01,191
PeerJ Preprints,2017-12-01,58
bioRxiv,2017-12-01,1099
arXiv q-bio,2018-01-01,237
PeerJ Preprints,2018-01-01,67
bioRxiv,2018-01-01,1239
arXiv q-bio,2018-02-01,209
PeerJ Preprints,2018-02-01,107
bioRxiv,2018-02-01,1232
arXiv q-bio,2018-03-01,220
PeerJ Preprints,2018-03-01,232
bioRxiv,2018-03-01,1484
